target_sensitivity,threshold,test_sensitivity,test_specificity
0.75,0.6735,0.6666666666666666,0.875
0.8,0.6333000000000001,0.7435897435897436,0.8125
0.85,0.5969,0.8205128205128205,0.7875
0.9,0.528,0.8974358974358975,0.6625
0.95,0.4551,0.9487179487179487,0.55
